Employee Group Name|Cost Center Pattern|Organizational Set|Labor Category Profile
FG-RT-10050801||FG-RT-10050801|
FG-RT-10083533||FG-RT-10083533|
FG-RT-10089843||FG-RT-10089843|
FG-RT-10097245||FG-RT-10097245|
FG-RT-10103981||FG-RT-10103981|
FG-RT-10112873||FG-RT-10112873|
FG-RT-10126141||FG-RT-10126141|
FG-RT-10128125||FG-RT-10128125|
FG-RT-10220317||FG-RT-10220317|
FG-RT-10225379||FG-RT-10225379|
FG-RT-10226684||FG-RT-10226684|
FG-RT-10235116||FG-RT-10235116|
FG-RT-10302685||FG-RT-10302685|
FG-RT-10324102||FG-RT-10324102|
FG-RT-10333406||FG-RT-10333406|
FG-RT-10357370||FG-RT-10357370|
FG-RT-10358348||FG-RT-10358348|
FG-RT-10358405||FG-RT-10358405|
FG-RT-10358496||FG-RT-10358496|
FG-RT-10359250||FG-RT-10359250|
FG-RT-10359280||FG-RT-10359280|
FG-RT-10360156||FG-RT-10360156|
FG-RT-10360991||FG-RT-10360991|
FG-RT-10361940||FG-RT-10361940|
FG-RT-10362097||FG-RT-10362097|
FG-RT-10363029||FG-RT-10363029|
FG-RT-10363681||FG-RT-10363681|
FG-RT-10363762||FG-RT-10363762|
FG-RT-10363867||FG-RT-10363867|
FG-RT-10364282||FG-RT-10364282|
FG-RT-10365059||FG-RT-10365059|
FG-RT-10365298||FG-RT-10365298|
FG-RT-10365477||FG-RT-10365477|
FG-RT-10365946||FG-RT-10365946|
FG-RT-10365966||FG-RT-10365966|
FG-RT-10366272||FG-RT-10366272|
FG-RT-10366426||FG-RT-10366426|
FG-RT-10366652||FG-RT-10366652|
FG-RT-10367546||FG-RT-10367546|
FG-RT-10367787||FG-RT-10367787|
FG-RT-10368051||FG-RT-10368051|
FG-RT-10369940||FG-RT-10369940|
FG-RT-10370067||FG-RT-10370067|
FG-RT-10370235||FG-RT-10370235|
FG-RT-10370550||FG-RT-10370550|
FG-RT-10370756||FG-RT-10370756|
FG-RT-10371200||FG-RT-10371200|
FG-RT-10371594||FG-RT-10371594|
FG-RT-10371788||FG-RT-10371788|
FG-RT-10372277||FG-RT-10372277|
FG-RT-10372382||FG-RT-10372382|
FG-RT-10372559||FG-RT-10372559|
FG-RT-10372868||FG-RT-10372868|
FG-RT-10373301||FG-RT-10373301|
FG-RT-10373751||FG-RT-10373751|
FG-RT-10374562||FG-RT-10374562|
FG-RT-10374830||FG-RT-10374830|
FG-RT-10374864||FG-RT-10374864|
FG-RT-10375114||FG-RT-10375114|
FG-RT-10375422||FG-RT-10375422|
FG-RT-10375528||FG-RT-10375528|
FG-RT-10377789||FG-RT-10377789|
FG-RT-10390497||FG-RT-10390497|
FG-RT-10394352||FG-RT-10394352|
FG-RT-10400147||FG-RT-10400147|
FG-RT-10400182||FG-RT-10400182|
FG-RT-10400187||FG-RT-10400187|
FG-RT-10400280||FG-RT-10400280|
FG-RT-10400329||FG-RT-10400329|
FG-RT-10400340||FG-RT-10400340|
FG-RT-10400410||FG-RT-10400410|
FG-RT-10400444||FG-RT-10400444|
FG-RT-10400479||FG-RT-10400479|
FG-RT-10400521||FG-RT-10400521|
FG-RT-10400552||FG-RT-10400552|
FG-RT-10400593||FG-RT-10400593|
FG-RT-10400655||FG-RT-10400655|
FG-RT-10400656||FG-RT-10400656|
FG-RT-10400674||FG-RT-10400674|
FG-RT-10400696||FG-RT-10400696|
FG-RT-10400770||FG-RT-10400770|
FG-RT-10400851||FG-RT-10400851|
FG-RT-10400861||FG-RT-10400861|
FG-RT-10400866||FG-RT-10400866|
FG-RT-10400899||FG-RT-10400899|
FG-RT-10400913||FG-RT-10400913|
FG-RT-10400922||FG-RT-10400922|
FG-RT-10400936||FG-RT-10400936|
FG-RT-10400975||FG-RT-10400975|
FG-RT-10400994||FG-RT-10400994|
FG-RT-10401016||FG-RT-10401016|
FG-RT-10401038||FG-RT-10401038|
FG-RT-10401137||FG-RT-10401137|
FG-RT-10401174||FG-RT-10401174|
FG-RT-10401191||FG-RT-10401191|
FG-RT-10401254||FG-RT-10401254|
FG-RT-10401336||FG-RT-10401336|
FG-RT-10401365||FG-RT-10401365|
FG-RT-10401450||FG-RT-10401450|
FG-RT-10401466||FG-RT-10401466|
FG-RT-10401516||FG-RT-10401516|
FG-RT-10401762||FG-RT-10401762|
FG-RT-10401779||FG-RT-10401779|
FG-RT-10401782||FG-RT-10401782|
FG-RT-10401796||FG-RT-10401796|
FG-RT-10401805||FG-RT-10401805|
FG-RT-10401834||FG-RT-10401834|
FG-RT-10401836||FG-RT-10401836|
FG-RT-10401904||FG-RT-10401904|
FG-RT-10402030||FG-RT-10402030|
FG-RT-10402041||FG-RT-10402041|
FG-RT-10402050||FG-RT-10402050|
FG-RT-10402052||FG-RT-10402052|
FG-RT-10402063||FG-RT-10402063|
FG-RT-10402108||FG-RT-10402108|
FG-RT-10402118||FG-RT-10402118|
FG-RT-10402229||FG-RT-10402229|
FG-RT-10402259||FG-RT-10402259|
FG-RT-10402264||FG-RT-10402264|
FG-RT-10402363||FG-RT-10402363|
FG-RT-10402391||FG-RT-10402391|
FG-RT-10402402||FG-RT-10402402|
FG-RT-10402429||FG-RT-10402429|
FG-RT-10402464||FG-RT-10402464|
FG-RT-10402556||FG-RT-10402556|
FG-RT-10402595||FG-RT-10402595|
FG-RT-10402616||FG-RT-10402616|
FG-RT-10402688||FG-RT-10402688|
FG-RT-10402715||FG-RT-10402715|
FG-RT-10402852||FG-RT-10402852|
FG-RT-10402888||FG-RT-10402888|
FG-RT-10402938||FG-RT-10402938|
FG-RT-10402988||FG-RT-10402988|
FG-RT-10403025||FG-RT-10403025|
FG-RT-10403027||FG-RT-10403027|
FG-RT-10403057||FG-RT-10403057|
FG-RT-10403116||FG-RT-10403116|
FG-RT-10403120||FG-RT-10403120|
FG-RT-10403166||FG-RT-10403166|
FG-RT-10403202||FG-RT-10403202|
FG-RT-10403214||FG-RT-10403214|
FG-RT-10403229||FG-RT-10403229|
FG-RT-10403291||FG-RT-10403291|
FG-RT-10403316||FG-RT-10403316|
FG-RT-10403371||FG-RT-10403371|
FG-RT-10403418||FG-RT-10403418|
FG-RT-10403451||FG-RT-10403451|
FG-RT-10403499||FG-RT-10403499|
FG-RT-10403560||FG-RT-10403560|
FG-RT-10403723||FG-RT-10403723|
FG-RT-10403771||FG-RT-10403771|
FG-RT-10403786||FG-RT-10403786|
FG-RT-10403804||FG-RT-10403804|
FG-RT-10403811||FG-RT-10403811|
FG-RT-10404077||FG-RT-10404077|
FG-RT-10404082||FG-RT-10404082|
FG-RT-10404087||FG-RT-10404087|
FG-RT-10404168||FG-RT-10404168|
FG-RT-10404199||FG-RT-10404199|
FG-RT-10404212||FG-RT-10404212|
FG-RT-10404218||FG-RT-10404218|
FG-RT-10404252||FG-RT-10404252|
FG-RT-10404352||FG-RT-10404352|
FG-RT-10404398||FG-RT-10404398|
FG-RT-10404507||FG-RT-10404507|
FG-RT-10404625||FG-RT-10404625|
FG-RT-10404681||FG-RT-10404681|
FG-RT-10404857||FG-RT-10404857|
FG-RT-10404868||FG-RT-10404868|
FG-RT-10404892||FG-RT-10404892|
FG-RT-10404910||FG-RT-10404910|
FG-RT-10404919||FG-RT-10404919|
FG-RT-10404932||FG-RT-10404932|
FG-RT-10404937||FG-RT-10404937|
FG-RT-10404951||FG-RT-10404951|
FG-RT-10404952||FG-RT-10404952|
FG-RT-10404968||FG-RT-10404968|
FG-RT-10405000||FG-RT-10405000|
FG-RT-10405162||FG-RT-10405162|
FG-RT-10405173||FG-RT-10405173|
FG-RT-10405340||FG-RT-10405340|
FG-RT-10405381||FG-RT-10405381|
FG-RT-10405434||FG-RT-10405434|
FG-RT-10405435||FG-RT-10405435|
FG-RT-10405448||FG-RT-10405448|
FG-RT-10405641||FG-RT-10405641|
FG-RT-10405783||FG-RT-10405783|
FG-RT-10405791||FG-RT-10405791|
FG-RT-10405832||FG-RT-10405832|
FG-RT-10406004||FG-RT-10406004|
FG-RT-10406017||FG-RT-10406017|
FG-RT-10406050||FG-RT-10406050|
FG-RT-10406127||FG-RT-10406127|
FG-RT-10406131||FG-RT-10406131|
FG-RT-10406314||FG-RT-10406314|
FG-RT-10406347||FG-RT-10406347|
FG-RT-10406378||FG-RT-10406378|
FG-RT-10406382||FG-RT-10406382|
FG-RT-10406416||FG-RT-10406416|
FG-RT-10406435||FG-RT-10406435|
FG-RT-10406462||FG-RT-10406462|
FG-RT-10406466||FG-RT-10406466|
FG-RT-10406636||FG-RT-10406636|
FG-RT-10406655||FG-RT-10406655|
FG-RT-10406659||FG-RT-10406659|
FG-RT-10406697||FG-RT-10406697|
FG-RT-10406712||FG-RT-10406712|
FG-RT-10406737||FG-RT-10406737|
FG-RT-10406784||FG-RT-10406784|
FG-RT-10406789||FG-RT-10406789|
FG-RT-10406803||FG-RT-10406803|
FG-RT-10406821||FG-RT-10406821|
FG-RT-10406826||FG-RT-10406826|
FG-RT-10406839||FG-RT-10406839|
FG-RT-10406855||FG-RT-10406855|
FG-RT-10406865||FG-RT-10406865|
FG-RT-10407097||FG-RT-10407097|
FG-RT-10407175||FG-RT-10407175|
FG-RT-10407176||FG-RT-10407176|
FG-RT-10407328||FG-RT-10407328|
FG-RT-10407330||FG-RT-10407330|
FG-RT-10407340||FG-RT-10407340|
FG-RT-10407345||FG-RT-10407345|
FG-RT-10407365||FG-RT-10407365|
FG-RT-10407373||FG-RT-10407373|
FG-RT-10407379||FG-RT-10407379|
FG-RT-10407384||FG-RT-10407384|
FG-RT-10407426||FG-RT-10407426|
FG-RT-10407448||FG-RT-10407448|
FG-RT-10407453||FG-RT-10407453|
FG-RT-10407455||FG-RT-10407455|
FG-RT-10407636||FG-RT-10407636|
FG-RT-10407644||FG-RT-10407644|
FG-RT-10407692||FG-RT-10407692|
FG-RT-10407700||FG-RT-10407700|
FG-RT-10407701||FG-RT-10407701|
FG-RT-10407743||FG-RT-10407743|
FG-RT-10407941||FG-RT-10407941|
FG-RT-10407971||FG-RT-10407971|
FG-RT-10407973||FG-RT-10407973|
FG-RT-10407991||FG-RT-10407991|
FG-RT-10408015||FG-RT-10408015|
FG-RT-10408016||FG-RT-10408016|
FG-RT-10408194||FG-RT-10408194|
FG-RT-10408195||FG-RT-10408195|
FG-RT-10408206||FG-RT-10408206|
FG-RT-10408209||FG-RT-10408209|
FG-RT-10408210||FG-RT-10408210|
FG-RT-10408230||FG-RT-10408230|
FG-RT-10408250||FG-RT-10408250|
FG-RT-10408292||FG-RT-10408292|
FG-RT-10408296||FG-RT-10408296|
FG-RT-10408319||FG-RT-10408319|
FG-RT-10408472||FG-RT-10408472|
FG-RT-10408475||FG-RT-10408475|
FG-RT-10408486||FG-RT-10408486|
FG-RT-10408487||FG-RT-10408487|
FG-RT-10408515||FG-RT-10408515|
FG-RT-10408522||FG-RT-10408522|
FG-RT-10408538||FG-RT-10408538|
FG-RT-10408561||FG-RT-10408561|
FG-RT-10408565||FG-RT-10408565|
FG-RT-10408570||FG-RT-10408570|
FG-RT-10408578||FG-RT-10408578|
FG-RT-10408598||FG-RT-10408598|
FG-RT-10408606||FG-RT-10408606|
FG-RT-10408765||FG-RT-10408765|
FG-RT-10408767||FG-RT-10408767|
FG-RT-10408791||FG-RT-10408791|
FG-RT-10408808||FG-RT-10408808|
FG-RT-10408879||FG-RT-10408879|
FG-RT-10408882||FG-RT-10408882|
FG-RT-10408928||FG-RT-10408928|
FG-RT-10409070||FG-RT-10409070|
FG-RT-10409090||FG-RT-10409090|
FG-RT-10409124||FG-RT-10409124|
FG-RT-10409146||FG-RT-10409146|
FG-RT-10409156||FG-RT-10409156|
FG-RT-10409163||FG-RT-10409163|
FG-RT-10409210||FG-RT-10409210|
FG-RT-10409234||FG-RT-10409234|
FG-RT-10409327||FG-RT-10409327|
FG-RT-10409332||FG-RT-10409332|
FG-RT-10409333||FG-RT-10409333|
FG-RT-10409393||FG-RT-10409393|
FG-RT-10409399||FG-RT-10409399|
FG-RT-10409428||FG-RT-10409428|
FG-RT-10409430||FG-RT-10409430|
FG-RT-10409447||FG-RT-10409447|
FG-RT-10409590||FG-RT-10409590|
FG-RT-10409598||FG-RT-10409598|
FG-RT-10409632||FG-RT-10409632|
FG-RT-10409646||FG-RT-10409646|
FG-RT-10409727||FG-RT-10409727|
FG-RT-10410041||FG-RT-10410041|
FG-RT-10410050||FG-RT-10410050|
FG-RT-10410053||FG-RT-10410053|
FG-RT-10410099||FG-RT-10410099|
FG-RT-10410117||FG-RT-10410117|
FG-RT-10410168||FG-RT-10410168|
FG-RT-10410170||FG-RT-10410170|
FG-RT-10410185||FG-RT-10410185|
FG-RT-10410192||FG-RT-10410192|
FG-RT-10410238||FG-RT-10410238|
FG-RT-10410280||FG-RT-10410280|
FG-RT-10410281||FG-RT-10410281|
FG-RT-10410301||FG-RT-10410301|
FG-RT-10410460||FG-RT-10410460|
FG-RT-10410514||FG-RT-10410514|
FG-RT-10410516||FG-RT-10410516|
FG-RT-10410519||FG-RT-10410519|
FG-RT-10410521||FG-RT-10410521|
FG-RT-10410589||FG-RT-10410589|
FG-RT-10410607||FG-RT-10410607|
FG-RT-10410639||FG-RT-10410639|
FG-RT-10410663||FG-RT-10410663|
FG-RT-10410674||FG-RT-10410674|
FG-RT-10410716||FG-RT-10410716|
FG-RT-10410776||FG-RT-10410776|
FG-RT-10410802||FG-RT-10410802|
FG-RT-10410807||FG-RT-10410807|
FG-RT-10410831||FG-RT-10410831|
FG-RT-10411019||FG-RT-10411019|
FG-RT-10411054||FG-RT-10411054|
FG-RT-10411158||FG-RT-10411158|
FG-RT-10411181||FG-RT-10411181|
FG-RT-10411184||FG-RT-10411184|
FG-RT-10411298||FG-RT-10411298|
FG-RT-10411305||FG-RT-10411305|
FG-RT-10411347||FG-RT-10411347|
FG-RT-10411553||FG-RT-10411553|
FG-RT-10411624||FG-RT-10411624|
FG-RT-10411646||FG-RT-10411646|
FG-RT-10411667||FG-RT-10411667|
FG-RT-10411709||FG-RT-10411709|
FG-RT-10411717||FG-RT-10411717|
FG-RT-10411756||FG-RT-10411756|
FG-RT-10411762||FG-RT-10411762|
FG-RT-10411806||FG-RT-10411806|
FG-RT-10411906||FG-RT-10411906|
FG-RT-10411922||FG-RT-10411922|
FG-RT-10411933||FG-RT-10411933|
FG-RT-10411949||FG-RT-10411949|
FG-RT-10411969||FG-RT-10411969|
FG-RT-10411983||FG-RT-10411983|
FG-RT-10412196||FG-RT-10412196|
FG-RT-10412234||FG-RT-10412234|
FG-RT-10412237||FG-RT-10412237|
FG-RT-10412262||FG-RT-10412262|
FG-RT-10412297||FG-RT-10412297|
FG-RT-10412340||FG-RT-10412340|
FG-RT-10412382||FG-RT-10412382|
FG-RT-10412492||FG-RT-10412492|
FG-RT-10412505||FG-RT-10412505|
FG-RT-10412709||FG-RT-10412709|
FG-RT-10412716||FG-RT-10412716|
FG-RT-10412829||FG-RT-10412829|
FG-RT-10412836||FG-RT-10412836|
FG-RT-10412885||FG-RT-10412885|
FG-RT-10412887||FG-RT-10412887|
FG-RT-10412948||FG-RT-10412948|
FG-RT-10412974||FG-RT-10412974|
FG-RT-10412982||FG-RT-10412982|
FG-RT-10412993||FG-RT-10412993|
FG-RT-10413011||FG-RT-10413011|
FG-RT-10413025||FG-RT-10413025|
FG-RT-10413029||FG-RT-10413029|
FG-RT-10413113||FG-RT-10413113|
FG-RT-10413115||FG-RT-10413115|
FG-RT-10413256||FG-RT-10413256|
FG-RT-10413319||FG-RT-10413319|
FG-RT-10413354||FG-RT-10413354|
FG-RT-10413422||FG-RT-10413422|
FG-RT-10413536||FG-RT-10413536|
FG-RT-10413542||FG-RT-10413542|
FG-RT-10413944||FG-RT-10413944|
FG-RT-10414077||FG-RT-10414077|
FG-RT-10414100||FG-RT-10414100|
FG-RT-10414102||FG-RT-10414102|
FG-RT-10414119||FG-RT-10414119|
FG-RT-10414167||FG-RT-10414167|
FG-RT-10414187||FG-RT-10414187|
FG-RT-10414225||FG-RT-10414225|
FG-RT-10414227||FG-RT-10414227|
FG-RT-10414236||FG-RT-10414236|
FG-RT-10414378||FG-RT-10414378|
FG-RT-10414382||FG-RT-10414382|
FG-RT-10414423||FG-RT-10414423|
FG-RT-10414495||FG-RT-10414495|
FG-RT-10414593||FG-RT-10414593|
FG-RT-10414597||FG-RT-10414597|
FG-RT-10414685||FG-RT-10414685|
FG-RT-10414691||FG-RT-10414691|
FG-RT-10414697||FG-RT-10414697|
FG-RT-10414719||FG-RT-10414719|
FG-RT-10414751||FG-RT-10414751|
FG-RT-10414757||FG-RT-10414757|
FG-RT-10414765||FG-RT-10414765|
FG-RT-10414781||FG-RT-10414781|
FG-RT-10414783||FG-RT-10414783|
FG-RT-10414936||FG-RT-10414936|
FG-RT-10415010||FG-RT-10415010|
FG-RT-10415013||FG-RT-10415013|
FG-RT-10415047||FG-RT-10415047|
FG-RT-10415097||FG-RT-10415097|
FG-RT-10415107||FG-RT-10415107|
FG-RT-10415135||FG-RT-10415135|
FG-RT-10415171||FG-RT-10415171|
FG-RT-10415189||FG-RT-10415189|
FG-RT-10415217||FG-RT-10415217|
FG-RT-10415335||FG-RT-10415335|
FG-RT-10415519||FG-RT-10415519|
FG-RT-10415588||FG-RT-10415588|
FG-RT-10415594||FG-RT-10415594|
FG-RT-10415603||FG-RT-10415603|
FG-RT-10415650||FG-RT-10415650|
FG-RT-10415658||FG-RT-10415658|
FG-RT-10415698||FG-RT-10415698|
FG-RT-10415715||FG-RT-10415715|
FG-RT-10415728||FG-RT-10415728|
FG-RT-10415732||FG-RT-10415732|
FG-RT-10415750||FG-RT-10415750|
FG-RT-10415764||FG-RT-10415764|
FG-RT-10415792||FG-RT-10415792|
FG-RT-10415808||FG-RT-10415808|
FG-RT-10415823||FG-RT-10415823|
FG-RT-10415825||FG-RT-10415825|
FG-RT-10415892||FG-RT-10415892|
FG-RT-10415893||FG-RT-10415893|
FG-RT-10416111||FG-RT-10416111|
FG-RT-10416150||FG-RT-10416150|
FG-RT-10416164||FG-RT-10416164|
FG-RT-10416169||FG-RT-10416169|
FG-RT-10416175||FG-RT-10416175|
FG-RT-10416255||FG-RT-10416255|
FG-RT-10416308||FG-RT-10416308|
FG-RT-10416334||FG-RT-10416334|
FG-RT-10416338||FG-RT-10416338|
FG-RT-10416355||FG-RT-10416355|
FG-RT-10416407||FG-RT-10416407|
FG-RT-10416412||FG-RT-10416412|
FG-RT-10416478||FG-RT-10416478|
FG-RT-10416615||FG-RT-10416615|
FG-RT-10416657||FG-RT-10416657|
FG-RT-10416708||FG-RT-10416708|
FG-RT-10416714||FG-RT-10416714|
FG-RT-10416790||FG-RT-10416790|
FG-RT-10416791||FG-RT-10416791|
FG-RT-10416815||FG-RT-10416815|
FG-RT-10416827||FG-RT-10416827|
FG-RT-10416832||FG-RT-10416832|
FG-RT-10416842||FG-RT-10416842|
FG-RT-10416877||FG-RT-10416877|
FG-RT-10416883||FG-RT-10416883|
FG-RT-10416909||FG-RT-10416909|
FG-RT-10416963||FG-RT-10416963|
FG-RT-10416965||FG-RT-10416965|
FG-RT-10417008||FG-RT-10417008|
FG-RT-10417020||FG-RT-10417020|
FG-RT-10417227||FG-RT-10417227|
FG-RT-10417258||FG-RT-10417258|
FG-RT-10417270||FG-RT-10417270|
FG-RT-10417275||FG-RT-10417275|
FG-RT-10417309||FG-RT-10417309|
FG-RT-10417325||FG-RT-10417325|
FG-RT-10417333||FG-RT-10417333|
FG-RT-10417345||FG-RT-10417345|
FG-RT-10417354||FG-RT-10417354|
FG-RT-10417403||FG-RT-10417403|
FG-RT-10417404||FG-RT-10417404|
FG-RT-10417430||FG-RT-10417430|
FG-RT-10417450||FG-RT-10417450|
FG-RT-10417505||FG-RT-10417505|
FG-RT-10417545||FG-RT-10417545|
FG-RT-10417561||FG-RT-10417561|
FG-RT-10417753||FG-RT-10417753|
FG-RT-10417757||FG-RT-10417757|
FG-RT-10417766||FG-RT-10417766|
FG-RT-10417811||FG-RT-10417811|
FG-RT-10417848||FG-RT-10417848|
FG-RT-10417860||FG-RT-10417860|
FG-RT-10417876||FG-RT-10417876|
FG-RT-10417892||FG-RT-10417892|
FG-RT-10417918||FG-RT-10417918|
FG-RT-10417985||FG-RT-10417985|
FG-RT-10418293||FG-RT-10418293|
FG-RT-10418294||FG-RT-10418294|
FG-RT-10418359||FG-RT-10418359|
FG-RT-10418419||FG-RT-10418419|
FG-RT-10418458||FG-RT-10418458|
FG-RT-10418604||FG-RT-10418604|
FG-RT-10418652||FG-RT-10418652|
FG-RT-10418664||FG-RT-10418664|
FG-RT-10418689||FG-RT-10418689|
FG-RT-10418697||FG-RT-10418697|
FG-RT-10418734||FG-RT-10418734|
FG-RT-10418743||FG-RT-10418743|
FG-RT-10418744||FG-RT-10418744|
FG-RT-10418754||FG-RT-10418754|
FG-RT-10418776||FG-RT-10418776|
FG-RT-10418796||FG-RT-10418796|
FG-RT-10418819||FG-RT-10418819|
FG-RT-10418820||FG-RT-10418820|
FG-RT-10418996||FG-RT-10418996|
FG-RT-10419029||FG-RT-10419029|
FG-RT-10419071||FG-RT-10419071|
FG-RT-10419087||FG-RT-10419087|
FG-RT-10419151||FG-RT-10419151|
FG-RT-10419300||FG-RT-10419300|
FG-RT-10419308||FG-RT-10419308|
FG-RT-10419332||FG-RT-10419332|
FG-RT-10419335||FG-RT-10419335|
FG-RT-10419351||FG-RT-10419351|
FG-RT-10419353||FG-RT-10419353|
FG-RT-10419372||FG-RT-10419372|
FG-RT-10419373||FG-RT-10419373|
FG-RT-10419416||FG-RT-10419416|
FG-RT-10419496||FG-RT-10419496|
FG-RT-10419505||FG-RT-10419505|
FG-RT-10419550||FG-RT-10419550|
FG-RT-10419588||FG-RT-10419588|
FG-RT-10419632||FG-RT-10419632|
FG-RT-10419642||FG-RT-10419642|
FG-RT-10419884||FG-RT-10419884|
FG-RT-10419911||FG-RT-10419911|
FG-RT-10419919||FG-RT-10419919|
FG-RT-10420081||FG-RT-10420081|
FG-RT-10420133||FG-RT-10420133|
FG-RT-10420150||FG-RT-10420150|
FG-RT-10420155||FG-RT-10420155|
FG-RT-10420189||FG-RT-10420189|
FG-RT-10420212||FG-RT-10420212|
FG-RT-10420305||FG-RT-10420305|
FG-RT-10420413||FG-RT-10420413|
FG-RT-10420440||FG-RT-10420440|
FG-RT-10420442||FG-RT-10420442|
FG-RT-10420457||FG-RT-10420457|
FG-RT-10420473||FG-RT-10420473|
FG-RT-10420486||FG-RT-10420486|
FG-RT-10420501||FG-RT-10420501|
FG-RT-10420504||FG-RT-10420504|
FG-RT-10420508||FG-RT-10420508|
FG-RT-10420585||FG-RT-10420585|
FG-RT-10420590||FG-RT-10420590|
FG-RT-10420598||FG-RT-10420598|
FG-RT-10420623||FG-RT-10420623|
FG-RT-10420642||FG-RT-10420642|
FG-RT-10420645||FG-RT-10420645|
FG-RT-10420660||FG-RT-10420660|
FG-RT-10420746||FG-RT-10420746|
FG-RT-10420755||FG-RT-10420755|
FG-RT-10420791||FG-RT-10420791|
FG-RT-10420813||FG-RT-10420813|
FG-RT-10420919||FG-RT-10420919|
FG-RT-10420980||FG-RT-10420980|
FG-RT-10420993||FG-RT-10420993|
FG-RT-10421053||FG-RT-10421053|
FG-RT-10421062||FG-RT-10421062|
FG-RT-10421091||FG-RT-10421091|
FG-RT-10421112||FG-RT-10421112|
FG-RT-10421128||FG-RT-10421128|
FG-RT-10421131||FG-RT-10421131|
FG-RT-10421178||FG-RT-10421178|
FG-RT-10421182||FG-RT-10421182|
FG-RT-10421195||FG-RT-10421195|
FG-RT-10421216||FG-RT-10421216|
FG-RT-10421219||FG-RT-10421219|
FG-RT-10421223||FG-RT-10421223|
FG-RT-10421227||FG-RT-10421227|
FG-RT-10421300||FG-RT-10421300|
FG-RT-10421552||FG-RT-10421552|
FG-RT-10421557||FG-RT-10421557|
FG-RT-10421575||FG-RT-10421575|
FG-RT-10421588||FG-RT-10421588|
FG-RT-10421609||FG-RT-10421609|
FG-RT-10421621||FG-RT-10421621|
FG-RT-10421623||FG-RT-10421623|
FG-RT-10421627||FG-RT-10421627|
FG-RT-10421701||FG-RT-10421701|
FG-RT-10421731||FG-RT-10421731|
FG-RT-10421741||FG-RT-10421741|
FG-RT-10421756||FG-RT-10421756|
FG-RT-10421757||FG-RT-10421757|
FG-RT-10421831||FG-RT-10421831|
FG-RT-10421835||FG-RT-10421835|
FG-RT-10421836||FG-RT-10421836|
FG-RT-10421857||FG-RT-10421857|
FG-RT-10421908||FG-RT-10421908|
FG-RT-10421927||FG-RT-10421927|
FG-RT-10421933||FG-RT-10421933|
FG-RT-10421934||FG-RT-10421934|
FG-RT-10421957||FG-RT-10421957|
FG-RT-10421980||FG-RT-10421980|
FG-RT-10422012||FG-RT-10422012|
FG-RT-10422046||FG-RT-10422046|
FG-RT-10422126||FG-RT-10422126|
FG-RT-10422143||FG-RT-10422143|
FG-RT-10422147||FG-RT-10422147|
FG-RT-10422176||FG-RT-10422176|
FG-RT-10422203||FG-RT-10422203|
FG-RT-10422226||FG-RT-10422226|
FG-RT-10422239||FG-RT-10422239|
FG-RT-10422250||FG-RT-10422250|
FG-RT-10422260||FG-RT-10422260|
FG-RT-10422286||FG-RT-10422286|
FG-RT-10422306||FG-RT-10422306|
FG-RT-10422353||FG-RT-10422353|
FG-RT-10422400||FG-RT-10422400|
FG-RT-10422457||FG-RT-10422457|
FG-RT-10422497||FG-RT-10422497|
FG-RT-10422503||FG-RT-10422503|
FG-RT-10422514||FG-RT-10422514|
FG-RT-10422562||FG-RT-10422562|
FG-RT-10422703||FG-RT-10422703|
FG-RT-10422715||FG-RT-10422715|
FG-RT-10422767||FG-RT-10422767|
FG-RT-10422776||FG-RT-10422776|
FG-RT-10422793||FG-RT-10422793|
FG-RT-10422818||FG-RT-10422818|
FG-RT-10422823||FG-RT-10422823|
FG-RT-10422888||FG-RT-10422888|
FG-RT-10422898||FG-RT-10422898|
FG-RT-10422936||FG-RT-10422936|
FG-RT-10422979||FG-RT-10422979|
FG-RT-10423045||FG-RT-10423045|
FG-RT-10423089||FG-RT-10423089|
FG-RT-10423176||FG-RT-10423176|
FG-RT-10423263||FG-RT-10423263|
FG-RT-10423264||FG-RT-10423264|
FG-RT-10423329||FG-RT-10423329|
FG-RT-10423385||FG-RT-10423385|
FG-RT-10423407||FG-RT-10423407|
FG-RT-10423443||FG-RT-10423443|
FG-RT-10423452||FG-RT-10423452|
FG-RT-10423460||FG-RT-10423460|
FG-RT-10423523||FG-RT-10423523|
FG-RT-10423545||FG-RT-10423545|
FG-RT-10423613||FG-RT-10423613|
FG-RT-10423660||FG-RT-10423660|
FG-RT-10423663||FG-RT-10423663|
FG-RT-10423680||FG-RT-10423680|
FG-RT-10423710||FG-RT-10423710|
FG-RT-10423764||FG-RT-10423764|
FG-RT-10423880||FG-RT-10423880|
FG-RT-10423889||FG-RT-10423889|
FG-RT-10423906||FG-RT-10423906|
FG-RT-10423910||FG-RT-10423910|
FG-RT-10423943||FG-RT-10423943|
FG-RT-10424030||FG-RT-10424030|
FG-RT-10424037||FG-RT-10424037|
FG-RT-10424079||FG-RT-10424079|
FG-RT-10424118||FG-RT-10424118|
FG-RT-10424125||FG-RT-10424125|
FG-RT-10424153||FG-RT-10424153|
FG-RT-10424197||FG-RT-10424197|
FG-RT-10424291||FG-RT-10424291|
FG-RT-10424403||FG-RT-10424403|
FG-RT-10424423||FG-RT-10424423|
FG-RT-10424515||FG-RT-10424515|
FG-RT-10424517||FG-RT-10424517|
FG-RT-10424589||FG-RT-10424589|
FG-RT-10424595||FG-RT-10424595|
FG-RT-10424600||FG-RT-10424600|
FG-RT-10424606||FG-RT-10424606|
FG-RT-10424632||FG-RT-10424632|
FG-RT-10424676||FG-RT-10424676|
FG-RT-10424721||FG-RT-10424721|
FG-RT-10424792||FG-RT-10424792|
FG-RT-10424823||FG-RT-10424823|
FG-RT-10424832||FG-RT-10424832|
FG-RT-10424887||FG-RT-10424887|
FG-RT-10424915||FG-RT-10424915|
FG-RT-10425002||FG-RT-10425002|
FG-RT-10425061||FG-RT-10425061|
FG-RT-10425068||FG-RT-10425068|
FG-RT-10425106||FG-RT-10425106|
FG-RT-10425127||FG-RT-10425127|
FG-RT-10425164||FG-RT-10425164|
FG-RT-10425177||FG-RT-10425177|
FG-RT-10425212||FG-RT-10425212|
FG-RT-10425217||FG-RT-10425217|
FG-RT-10425255||FG-RT-10425255|
FG-RT-10425269||FG-RT-10425269|
FG-RT-10425273||FG-RT-10425273|
FG-RT-10425296||FG-RT-10425296|
FG-RT-10425337||FG-RT-10425337|
FG-RT-10425384||FG-RT-10425384|
FG-RT-10425396||FG-RT-10425396|
FG-RT-10425569||FG-RT-10425569|
FG-RT-10425624||FG-RT-10425624|
FG-RT-10425639||FG-RT-10425639|
FG-RT-10425641||FG-RT-10425641|
FG-RT-10425663||FG-RT-10425663|
FG-RT-10425664||FG-RT-10425664|
FG-RT-10425666||FG-RT-10425666|
FG-RT-10425687||FG-RT-10425687|
FG-RT-10425710||FG-RT-10425710|
FG-RT-10425769||FG-RT-10425769|
FG-RT-10425804||FG-RT-10425804|
FG-RT-10425864||FG-RT-10425864|
FG-RT-10425879||FG-RT-10425879|
FG-RT-10425886||FG-RT-10425886|
FG-RT-10425929||FG-RT-10425929|
FG-RT-10425941||FG-RT-10425941|
FG-RT-10425946||FG-RT-10425946|
FG-RT-10426138||FG-RT-10426138|
FG-RT-10426152||FG-RT-10426152|
FG-RT-10426188||FG-RT-10426188|
FG-RT-10426192||FG-RT-10426192|
FG-RT-10426220||FG-RT-10426220|
FG-RT-10426257||FG-RT-10426257|
FG-RT-10426292||FG-RT-10426292|
FG-RT-10426305||FG-RT-10426305|
FG-RT-10426445||FG-RT-10426445|
FG-RT-10426448||FG-RT-10426448|
FG-RT-10426465||FG-RT-10426465|
FG-RT-10426470||FG-RT-10426470|
FG-RT-10426485||FG-RT-10426485|
FG-RT-10426574||FG-RT-10426574|
FG-RT-10426725||FG-RT-10426725|
FG-RT-10426746||FG-RT-10426746|
FG-RT-10426800||FG-RT-10426800|
FG-RT-10426824||FG-RT-10426824|
FG-RT-10426841||FG-RT-10426841|
FG-RT-10426940||FG-RT-10426940|
FG-RT-10426997||FG-RT-10426997|
FG-RT-10427056||FG-RT-10427056|
FG-RT-10427097||FG-RT-10427097|
FG-RT-10427112||FG-RT-10427112|
FG-RT-10427206||FG-RT-10427206|
FG-RT-10427209||FG-RT-10427209|
FG-RT-10427223||FG-RT-10427223|
FG-RT-10427247||FG-RT-10427247|
FG-RT-10427383||FG-RT-10427383|
FG-RT-10427444||FG-RT-10427444|
FG-RT-10428439||FG-RT-10428439|
FG-RT-10430205||FG-RT-10430205|
FG-RT-10433315||FG-RT-10433315|
FG-RT-10433770||FG-RT-10433770|
FG-RT-10434086||FG-RT-10434086|
FG-RT-10437916||FG-RT-10437916|
FG-RT-10438012||FG-RT-10438012|
FG-RT-10448344||FG-RT-10448344|
FG-RT-10449981||FG-RT-10449981|
FG-RT-10452894||FG-RT-10452894|
FG-RT-10454295||FG-RT-10454295|
FG-RT-10455237||FG-RT-10455237|
FG-RT-10455515||FG-RT-10455515|
FG-RT-10457198||FG-RT-10457198|
FG-RT-10457217||FG-RT-10457217|
FG-RT-10459452||FG-RT-10459452|
FG-RT-10463603||FG-RT-10463603|
FG-RT-10463605||FG-RT-10463605|
FG-RT-10465851||FG-RT-10465851|
FG-RT-10466606||FG-RT-10466606|
FG-RT-10466791||FG-RT-10466791|
FG-RT-10467323||FG-RT-10467323|
FG-RT-10468037||FG-RT-10468037|
FG-RT-10468627||FG-RT-10468627|
FG-RT-10469806||FG-RT-10469806|
FG-RT-10471816||FG-RT-10471816|
FG-RT-10471844||FG-RT-10471844|
FG-RT-10471857||FG-RT-10471857|
FG-RT-10472258||FG-RT-10472258|
FG-RT-10472586||FG-RT-10472586|
FG-RT-10472594||FG-RT-10472594|
FG-RT-10473774||FG-RT-10473774|
FG-RT-10476064||FG-RT-10476064|
FG-RT-10476808||FG-RT-10476808|
FG-RT-10477213||FG-RT-10477213|
FG-RT-10478475||FG-RT-10478475|
FG-RT-10479528||FG-RT-10479528|
FG-RT-10480588||FG-RT-10480588|
FG-RT-10481319||FG-RT-10481319|
FG-RT-10482825||FG-RT-10482825|
FG-RT-10484306||FG-RT-10484306|
FG-RT-10486598||FG-RT-10486598|
FG-RT-10487405||FG-RT-10487405|
FG-RT-10490774||FG-RT-10490774|
FG-RT-10492497||FG-RT-10492497|
FG-RT-10493108||FG-RT-10493108|
FG-RT-10494534||FG-RT-10494534|
FG-RT-10497825||FG-RT-10497825|
FG-RT-10499988||FG-RT-10499988|
FG-RT-10501345||FG-RT-10501345|
FG-RT-10501456||FG-RT-10501456|
FG-RT-10501818||FG-RT-10501818|
FG-RT-10506140||FG-RT-10506140|
FG-RT-10509032||FG-RT-10509032|
FG-RT-10509411||FG-RT-10509411|
FG-RT-10511402||FG-RT-10511402|
FG-RT-10520361||FG-RT-10520361|
FG-RT-10525736||FG-RT-10525736|
FG-RT-10527208||FG-RT-10527208|
FG-RT-10527381||FG-RT-10527381|
FG-RT-10529833||FG-RT-10529833|
FG-RT-10530405||FG-RT-10530405|
FG-RT-10530583||FG-RT-10530583|
FG-RT-10530738||FG-RT-10530738|
FG-RT-10531324||FG-RT-10531324|
FG-RT-10532052||FG-RT-10532052|
FG-RT-10533042||FG-RT-10533042|
FG-RT-10536430||FG-RT-10536430|
FG-RT-10538946||FG-RT-10538946|
FG-RT-10540258||FG-RT-10540258|
FG-RT-10541766||FG-RT-10541766|
FG-RT-10541770||FG-RT-10541770|
FG-RT-10541788||FG-RT-10541788|
FG-RT-10545000||FG-RT-10545000|
FG-RT-10548249||FG-RT-10548249|
FG-RT-10549234||FG-RT-10549234|
FG-RT-10551726||FG-RT-10551726|
FG-RT-10558629||FG-RT-10558629|
FG-RT-10562085||FG-RT-10562085|
FG-RT-10562105||FG-RT-10562105|
FG-RT-10562517||FG-RT-10562517|
FG-RT-10563258||FG-RT-10563258|
FG-RT-10564192||FG-RT-10564192|
FG-RT-10566433||FG-RT-10566433|
FG-RT-10568825||FG-RT-10568825|
FG-RT-10569530||FG-RT-10569530|
FG-RT-10570484||FG-RT-10570484|
FG-RT-10571380||FG-RT-10571380|
FG-RT-10574073||FG-RT-10574073|
FG-RT-10578401||FG-RT-10578401|
FG-RT-10579834||FG-RT-10579834|
FG-RT-10584557||FG-RT-10584557|
FG-RT-10584804||FG-RT-10584804|
FG-RT-10588300||FG-RT-10588300|
FG-RT-10589540||FG-RT-10589540|
FG-RT-10589808||FG-RT-10589808|
FG-RT-10590116||FG-RT-10590116|
FG-RT-10592258||FG-RT-10592258|
FG-RT-10595585||FG-RT-10595585|
FG-RT-10599294||FG-RT-10599294|
FG-RT-10599639||FG-RT-10599639|
FG-RT-10605188||FG-RT-10605188|
FG-RT-10607253||FG-RT-10607253|
FG-RT-10612244||FG-RT-10612244|
FG-RT-10614094||FG-RT-10614094|
FG-RT-10614218||FG-RT-10614218|
FG-RT-10615676||FG-RT-10615676|
FG-RT-10618621||FG-RT-10618621|
FG-RT-10619471||FG-RT-10619471|
FG-RT-10620258||FG-RT-10620258|
FG-RT-10620660||FG-RT-10620660|
FG-RT-10621108||FG-RT-10621108|
FG-RT-10623438||FG-RT-10623438|
FG-RT-10625129||FG-RT-10625129|
FG-RT-10626945||FG-RT-10626945|
FG-RT-10626947||FG-RT-10626947|
FG-RT-10628217||FG-RT-10628217|
FG-RT-10628841||FG-RT-10628841|
FG-RT-10631469||FG-RT-10631469|
FG-RT-10633945||FG-RT-10633945|
FG-RT-10635015||FG-RT-10635015|
FG-RT-10635367||FG-RT-10635367|
FG-RT-10640527||FG-RT-10640527|
FG-RT-10642668||FG-RT-10642668|
FG-RT-10645104||FG-RT-10645104|
FG-RT-10645869||FG-RT-10645869|
FG-RT-10646939||FG-RT-10646939|
FG-RT-10648334||FG-RT-10648334|
FG-RT-10648930||FG-RT-10648930|
FG-RT-10649386||FG-RT-10649386|
FG-RT-10649595||FG-RT-10649595|
FG-RT-10649616||FG-RT-10649616|
FG-RT-10649846||FG-RT-10649846|
FG-RT-10653566||FG-RT-10653566|
FG-RT-10658328||FG-RT-10658328|
FG-RT-10659205||FG-RT-10659205|
FG-RT-10660958||FG-RT-10660958|
FG-RT-10661466||FG-RT-10661466|
FG-RT-10661484||FG-RT-10661484|
FG-RT-10671175||FG-RT-10671175|
FG-RT-10672636||FG-RT-10672636|
FG-RT-10675748||FG-RT-10675748|
FG-RT-10679929||FG-RT-10679929|
FG-RT-10694906||FG-RT-10694906|
FG-RT-10696972||FG-RT-10696972|
FG-RT-10697733||FG-RT-10697733|
FG-RT-10698167||FG-RT-10698167|
FG-RT-10698198||FG-RT-10698198|
FG-RT-10698233||FG-RT-10698233|
FG-RT-10698483||FG-RT-10698483|
FG-RT-10698587||FG-RT-10698587|
FG-RT-10698614||FG-RT-10698614|
FG-RT-10698655||FG-RT-10698655|
FG-RT-10698689||FG-RT-10698689|
FG-RT-10698707||FG-RT-10698707|
FG-RT-10698725||FG-RT-10698725|
FG-RT-10698774||FG-RT-10698774|
FG-RT-10699270||FG-RT-10699270|
FG-RT-10699585||FG-RT-10699585|
FG-RT-10699721||FG-RT-10699721|
FG-RT-10700069||FG-RT-10700069|
FG-RT-10700654||FG-RT-10700654|
FG-RT-10700753||FG-RT-10700753|
FG-RT-10701792||FG-RT-10701792|
FG-RT-10707121||FG-RT-10707121|
FG-RT-10707307||FG-RT-10707307|
FG-RT-10707395||FG-RT-10707395|
FG-RT-10710020||FG-RT-10710020|
FG-RT-10713516||FG-RT-10713516|
FG-RT-10715780||FG-RT-10715780|
FG-RT-10716643||FG-RT-10716643|
FG-RT-10716813||FG-RT-10716813|
FG-RT-10720144||FG-RT-10720144|
FG-RT-10725350||FG-RT-10725350|
FG-RT-10725359||FG-RT-10725359|
FG-RT-10726892||FG-RT-10726892|
FG-RT-10727186||FG-RT-10727186|
FG-RT-10728290||FG-RT-10728290|
FG-RT-10732778||FG-RT-10732778|
FG-RT-10733754||FG-RT-10733754|
FG-RT-10736391||FG-RT-10736391|
FG-RT-10737063||FG-RT-10737063|
FG-RT-10738100||FG-RT-10738100|
FG-RT-10738325||FG-RT-10738325|
FG-RT-10743353||FG-RT-10743353|
FG-RT-10750576||FG-RT-10750576|
FG-RT-10750911||FG-RT-10750911|
FG-RT-10752088||FG-RT-10752088|
FG-RT-10753797||FG-RT-10753797|
FG-RT-10754167||FG-RT-10754167|
FG-RT-10755256||FG-RT-10755256|
FG-RT-10756709||FG-RT-10756709|
FG-RT-10758332||FG-RT-10758332|
FG-RT-10759904||FG-RT-10759904|
FG-RT-10760349||FG-RT-10760349|
FG-RT-10761900||FG-RT-10761900|
FG-RT-10764086||FG-RT-10764086|
FG-RT-10764688||FG-RT-10764688|
FG-RT-10768362||FG-RT-10768362|
FG-RT-10768394||FG-RT-10768394|
FG-RT-10768649||FG-RT-10768649|
FG-RT-10768817||FG-RT-10768817|
FG-RT-10768840||FG-RT-10768840|
FG-RT-10770547||FG-RT-10770547|
FG-RT-10771048||FG-RT-10771048|
FG-RT-10772863||FG-RT-10772863|
FG-RT-10774887||FG-RT-10774887|
FG-RT-10779397||FG-RT-10779397|
FG-RT-10782696||FG-RT-10782696|
FG-RT-10783482||FG-RT-10783482|
FG-RT-10784907||FG-RT-10784907|
FG-RT-10785602||FG-RT-10785602|
FG-RT-10785664||FG-RT-10785664|
FG-RT-10786735||FG-RT-10786735|
FG-RT-10786754||FG-RT-10786754|
FG-RT-10797799||FG-RT-10797799|
FG-RT-10797810||FG-RT-10797810|
FG-RT-10798817||FG-RT-10798817|
FG-RT-10800898||FG-RT-10800898|
FG-RT-10801406||FG-RT-10801406|
FG-RT-10801727||FG-RT-10801727|
FG-RT-10805121||FG-RT-10805121|
FG-RT-10807043||FG-RT-10807043|
FG-RT-10807117||FG-RT-10807117|
FG-RT-10810797||FG-RT-10810797|
FG-RT-10816918||FG-RT-10816918|
FG-RT-10821072||FG-RT-10821072|
FG-RT-10821744||FG-RT-10821744|
FG-RT-10824678||FG-RT-10824678|
FG-RT-10825601||FG-RT-10825601|
FG-RT-10829301||FG-RT-10829301|
FG-RT-10829925||FG-RT-10829925|
FG-RT-10847020||FG-RT-10847020|
FG-RT-10848002||FG-RT-10848002|
FG-RT-10848220||FG-RT-10848220|
